% Negative Payment Status,Income Band
0.1288407302953837,High (200K+)
0.113997113997114,Middle (60K–120K)
0.11114609571788413,
0.10972320794889993,Upper Middle (120K–200K)
0.10571923743500866,Low (≤60K)
